{
  "user_message": "We’re two adults visiting Japan in April for ~9 days. We love food and museums. Show prices in USD. Please suggest cities, then POIs and restaurants.",
  "interp": {
    "intent": "plan_trip",
    "countries": [
      {
        "country": "Japan",
        "cities": []
      }
    ],
    "dates": {},
    "travelers": {
      "adults": 2,
      "children": 0
    },
    "musts": [],
    "preferences": {
      "duration_days": 9,
      "month_hint": "April",
      "themes": [
        "food",
        "museums"
      ]
    },
    "budget_caps": {},
    "target_currency": "USD",
    "requires": [],
    "tool_plan": [
      "cities.recommender",
      "poi.discovery",
      "restaurants.discovery",
      "fx.oracle"
    ],
    "notes": [
      "Month + relative duration, no exact dates required"
    ]
  },
  "plan_queue": [],
  "done_tools": [
    "cities.recommender",
    "fx.oracle"
  ],
  "logs": [
    "[interpret] intent=plan_trip plan=['cities.recommender', 'fx.oracle']",
    "[route] → cities.recommender",
    "[cities.recommender] ERROR: No cities found for the given countries. Try different inputs.",
    "[replan] next=['fx.oracle']",
    "[route] → fx.oracle",
    "[fx.oracle] ok",
    "[replan] next=[]",
    "[router] no plan and goal not satisfied → END"
  ],
  "errors": [
    "cities.recommender: No cities found for the given countries. Try different inputs."
  ],
  "countries": [
    {
      "country": "Japan",
      "cities": []
    }
  ],
  "cities": [],
  "city_country_map": {},
  "fx": {
    "provider": "tavily-answer",
    "as_of": "2025-09-17T16:51:24.722441Z",
    "base": "USD",
    "target": null,
    "rates": null,
    "to_target": null,
    "note": "FX unavailable due to currency_lookup errors.",
    "currency_by_country": null,
    "errors": [
      {
        "stage": "currency_lookup",
        "country": "Japan",
        "message": "Your request has been blocked due to excessive requests. Please reduce the rate of requests. Verify you are using production API keys."
      }
    ]
  },
  "fx_meta": {
    "currency_by_country": null,
    "target": null,
    "to_target": null
  }
}