{
    "countries": [
      {"name": "Italy", "preferred_cities": ["Rome","Florence"]},
      {"name": "Switzerland"},
      {"name": "France", "preferred_cities": ["Paris"]}
    ],
    "dates": {"start":"2025-10-10","end":"2025-10-20"},
    "travelers": {"adults":2,"children":0},
    "musts": ["Colosseum","Uffizi Gallery","Louvre"],
    "preferences": {
      "pace":"normal","mobility":["walk","transit","rail","taxi"],
      "time_vs_money":0.55,"safety_buffer_min":20,
      "overnight_ok":false,"one_way_rental_ok":false,"rail_pass_consider":true
    },
    "budget_caps":{"total":2500,"per_day":300},
    "target_currency":"EUR",
    "passport_country":"Israel",
    "visa_notes":"Schengen; surface-only checks"
  }
  