{
  "intent": "plan_trip",
  "countries": [
    {
      "country": "Japan",
      "cities": []
    }
  ],
  "dates": {},
  "travelers": {
    "adults": 2,
    "children": 0
  },
  "musts": [],
  "preferences": {
    "duration_days": 9,
    "month_hint": "April",
    "themes": [
      "food",
      "museums"
    ]
  },
  "budget_caps": {},
  "target_currency": "USD",
  "requires": [],
  "tool_plan": [
    "cities.recommender",
    "poi.discovery",
    "restaurants.discovery",
    "fx.oracle"
  ],
  "notes": [
    "Month + relative duration, no exact dates required"
  ]
}